{
  "feature_names": [
    "b",
    "h",
    "fc",
    "fyl",
    "fyt",
    "rho_sl",
    "rho_st",
    "a_over_d",
    "ALR",
    "conf_index",
    "Vu_sezen",
    "Vu_aci",
    "Vu_priestley",
    "du_be",
    "du_haselton"
  ],
  "base_feature_names": [
    "b",
    "h",
    "fc",
    "fyl",
    "fyt",
    "rho_sl",
    "rho_st",
    "a_over_d",
    "ALR"
  ],
  "scaler_mean": [
    397.04319162196504,
    420.2669728192286,
    52.02961290780469,
    526.7216837989523,
    637.9613481718196,
    2.2991763992016696,
    1.2633177519398067,
    4.321530267070162,
    0.233834030228932,
    15.567298467645713,
    1801.3061295624284,
    970.2969960511605,
    1316.367297443127,
    1.5333806963884196,
    6.426979301594867
  ],
  "scaler_scale": [
    147.64889681397213,
    151.58401419492577,
    29.38071291139101,
    137.447434302974,
    338.5098046043566,
    0.9193704446544195,
    0.8658245500961652,
    1.8912602119203286,
    0.1622700861210196,
    10.433891998115442,
    1186.3006649435579,
    707.9587933597485,
    898.2161007473476,
    0.5708494973644082,
    2.1945207108151994
  ],
  "y_mu": 451.3314660258385,
  "y_sd": 550.661305858074,
  "q_hat_norm": 2.498389346452721,
  "n_ensemble": 10,
  "alpha": 0.1,
  "feature_ranges": {
    "b": [
      150.0,
      610.0
    ],
    "h": [
      200.0,
      610.0
    ],
    "fc": [
      24.7,
      125.0
    ],
    "fyl": [
      393.0,
      924.0
    ],
    "fyt": [
      328.0,
      1569.0
    ],
    "rho_sl": [
      0.83,
      4.7
    ],
    "rho_st": [
      0.19,
      3.67
    ],
    "a_over_d": [
      1.65,
      7.48
    ],
    "ALR": [
      0.05,
      0.629
    ]
  }
}